{
    "filename": "02-06-24 review history",
    "size": 50153,
    "parameters": [
        0.197,
        2.5134,
        6.9579,
        58.1465,
        4.8608,
        1.4589,
        0.8064,
        0.0,
        1.6491,
        0.0112,
        0.9762,
        2.5366,
        0.0144,
        0.2706,
        1.5608,
        0.2367,
        4.5125
    ],
    "metrics": {
        "R-squared": 0.9263645954250542,
        "MAE": 0.017862174412044924,
        "ICI": 0.015826408958898003,
        "rmse": 0.032378077694770004,
        "Log loss": 0.46539820449957364
    }
}