{"filename": "15-05-24 review history", "size": 49540, "parameters": [0.2229, 2.7301, 6.885, 57.8649, 4.9466, 1.4764, 0.7677, 0.0, 1.6366, 0.0081, 1.004, 2.5281, 0.0126, 0.2702, 1.6888, 0.2355, 4.4478], "metrics": {"R-squared": 0.9119022567002496, "MAE": 0.018792218935028006, "ICI": 0.014473533997542146, "rmse": 0.032017861079009655, "Log loss": 0.46519105247410175}}